{
    "usuarios": [
      { "nick": "Folagor", "password": "alfal475", "monedas": "1500", "edad": "24" },
      { "nick": "Planton", "password": "cam78dad", "monedas": "15", "edad": "15" },
      { "nick": "Pikachu", "password": "beliz5a4", "monedas": "40", "edad": "19" },
      { "nick": "Naruto", "password": "jfagaga16a", "monedas": "150", "edad": "32" },
      { "nick": "Goku", "password": "agga516r", "monedas": "700", "edad": "170" },
      { "nick": "Homero", "password": "agfa84aafg8", "monedas": "250", "edad": "25" },
      { "nick": "Rubius", "password": "holaMundo", "monedas": "110", "edad": "41" },
      { "nick": "KingKong", "password": "newMenu", "monedas": "19", "edad": "36" },
      { "nick": "Kratos", "password": "Digitalize", "monedas": "400", "edad": "45" },
      { "nick": "Homero", "password": "agfa84aafg8", "monedas": "145", "edad": "20" },
      { "nick": "Mario Bros", "password": "NewAge", "monedas": "450", "edad": "22" },
      { "nick": "Meteoro", "password": "holiday", "monedas": "147", "edad": "24" },
      { "nick": "Homer el Homer", "password": "pokemon", "monedas": "180", "edad": "48" },
      { "nick": "Candy", "password": "salidaJurassic", "monedas": "240", "edad": "32" },
      { "nick": "Ash", "password": "entertaiment", "monedas": "205", "edad": "25" },
      { "nick": "Kitty", "password": "charizar45", "monedas": "190", "edad": "24" },
      { "nick": "Planton", "password": "salida45", "monedas": "350", "edad": "14" }
    ],
    "articulos": [  
      {"id": "fada-47fafa", "categoria": "epico", "precio": "75", "nombre": "La Perla Negra", "src":"./img/BarcoEpico1.png"},
      {"id": "fafa-48grga", "categoria": "legendario", "precio": "100", "nombre": "El Holandes Errante", "src":"./img/BarcoLegendario1.png"},
      {"id": "fafa-47rtwr", "categoria": "raro", "precio": "50", "nombre": "La grajilla", "src":"./img/BarcoRaro1.png"},
      {"id": "fafa-12gfsa", "categoria": "atipico", "precio": "60", "nombre": "La delicada dama", "src":"./img/BarcoPocoComun1.png"},
      {"id": "fafa-14gfsa", "categoria": "tipico", "precio": "50", "nombre": "El viajero del alba", "src":"./img/BarcoComun1.png"},
      {"id": "fafa-24gfsa", "categoria": "atipico", "precio": "350", "nombre": "Argo", "src":"./img/BarcoPocoComun2.png"},
      {"id": "fafa-35gfsa", "categoria": "raro", "precio": "150", "nombre": "El Pequod", "src":"./img/BarcoRaro2.png"},
      {"id": "fafa-16gfsa", "categoria": "legendario", "precio": "750", "nombre": "El Nautilus", "src":"./img/BarcoLegendario2.png"},
      {"id": "fafa-50gfsa", "categoria": "epico", "precio": "525", "nombre": "Royale Fortune", "src":"./img/BarcoEpico2.png"},
      {"id": "fafa-30gfsa", "categoria": "legendario", "precio": "550", "nombre": "El titanic", "src":"./img/BarcoLegendario5.png"},
      {"id": "fafa-27gfsa", "categoria": "tipico", "precio": "530", "nombre": "Moby Dick", "src":"./img/BarcoComun2.png"},
      {"id": "fafa-55gfsa", "categoria": "raro", "precio": "570", "nombre": "Baratle", "src":"./img/BarcoRaro3.png"},
      {"id": "fafa-26gfsa", "categoria": "legendario", "precio": "650", "nombre": "Going Merry", "src":"./img/BarcoLegendario6.png"},
      {"id": "fafa-59gfsa", "categoria": "raro", "precio": "750", "nombre": "Red force", "src":"./img/BarcoRaro4.png"},
      {"id": "fafa-74gfsa", "categoria": "legendario", "precio": "230", "nombre": "Striker", "src":"./img/BarcoLegendario1.png"}
    ],
    "tutorial": {
      "ancho":"15",
      "alto": "15",
      "movimientos": [
        {"x":"13","y":"7"},
        {"x":"14","y":"10"},
        {"x":"8","y":"1"},
        {"x":"5","y":"1"},
        {"x":"4","y":"13"},
        {"x":"6","y":"5"},
        {"x":"3","y":"3"},
        {"x":"13","y":"12"},
        {"x":"12","y":"3"},
        {"x":"9","y":"14"},
        {"x":"1","y":"3"},
        {"x":"4","y":"2"},
        {"x":"0","y":"1"},
        {"x":"12","y":"14"},
        {"x":"2","y":"14"},
        {"x":"8","y":"11"},
        {"x":"2","y":"8"},
        {"x":"7","y":"10"},
        {"x":"13","y":"9"},
        {"x":"9","y":"14"},
        {"x":"13","y":"10"},
        {"x":"7","y":"2"},
        {"x":"14","y":"13"},
        {"x":"9","y":"4"},
        {"x":"12","y":"7"},
        {"x":"6","y":"3"},
        {"x":"3","y":"0"},
        {"x":"7","y":"9"},
        {"x":"11","y":"3"},
        {"x":"0","y":"14"},
        {"x":"11","y":"14"},
        {"x":"5","y":"14"},
        {"x":"6","y":"5"},
        {"x":"4","y":"0"},
        {"x":"8","y":"14"},
        {"x":"14","y":"5"},
        {"x":"9","y":"1"},
        {"x":"7","y":"8"},
        {"x":"2","y":"8"},
        {"x":"11","y":"0"},
        {"x":"3","y":"2"},
        {"x":"11","y":"10"},
        {"x":"5","y":"10"},
        {"x":"3","y":"14"},
        {"x":"7","y":"5"},
        {"x":"3","y":"3"},
        {"x":"4","y":"6"},
        {"x":"2","y":"11"}
      ]
    }
  }