
{
    "usuarios": [
        {
            "nick": "sdobble0",
            "password": "RrQk5kx",
            "monedas": "2311",
            "edad": "7"
        },
        {
            "nick": "shattersley1",
            "password": "WWS4Z7pD4g4v",
            "monedas": "273",
            "edad": "9"
        },
        {
            "nick": "dgatheridge2",
            "password": "Q8H0gy4Q",
            "monedas": "3",
            "edad": "3"
        },
        {
            "nick": "braggatt3",
            "password": "khgOuAZ",
            "monedas": "41",
            "edad": "30"
        },
        {
            "nick": "ramdohr4",
            "password": "lVJ9JKcWnK",
            "monedas": "9595",
            "edad": "80"
        },
        {
            "nick": "yhealks5",
            "password": "Lwt7PcZ5D6o",
            "monedas": "330",
            "edad": "7"
        },
        {
            "nick": "mparvin6",
            "password": "UOj7xyHhm",
            "monedas": "9",
            "edad": "60"
        },
        {
            "nick": "dsuckling7",
            "password": "ipvLuwHvRA",
            "monedas": "65",
            "edad": "1"
        },
        {
            "nick": "fdrayson8",
            "password": "JCg9Rq",
            "monedas": "52601",
            "edad": "8"
        },
        {
            "nick": "ssummerson9",
            "password": "2fBKS5tWP",
            "monedas": "0",
            "edad": "216"
        },
        {
            "nick": "ddowsinga",
            "password": "sh2fTH8i",
            "monedas": "263711",
            "edad": "0"
        },
        {
            "nick": "alearmouthb",
            "password": "uz4OKzvU4lP",
            "monedas": "2629",
            "edad": "4"
        },
        {
            "nick": "kwoodstockc",
            "password": "d3IpQQ",
            "monedas": "93962",
            "edad": "9"
        },
        {
            "nick": "hajeand",
            "password": "RpD6BuoSljw1",
            "monedas": "048",
            "edad": "08"
        },
        {
            "nick": "fmahere",
            "password": "362QTQ9cH9",
            "monedas": "7303",
            "edad": "905"
        },
        {
            "nick": "cmcturkf",
            "password": "HMgHyhEk",
            "monedas": "4",
            "edad": "414"
        },
        {
            "nick": "tommanneyg",
            "password": "c4FclZ",
            "monedas": "9",
            "edad": "96"
        },
        {
            "nick": "tmorratth",
            "password": "nyNhqnlODgP",
            "monedas": "9",
            "edad": "520"
        },
        {
            "nick": "ftummondi",
            "password": "JkqdreoMT",
            "monedas": "74558",
            "edad": "7"
        },
        {
            "nick": "mlewsiej",
            "password": "0mKSLip8Lgq",
            "monedas": "8530",
            "edad": "901"
        },
        {
            "nick": "dchestersk",
            "password": "10cGe8YICm",
            "monedas": "481",
            "edad": "7"
        },
        {
            "nick": "schickl",
            "password": "lqR7joMJgm",
            "monedas": "2299",
            "edad": "73"
        },
        {
            "nick": "hconeaum",
            "password": "FTi5L8e",
            "monedas": "6",
            "edad": "36"
        },
        {
            "nick": "jpayntonn",
            "password": "bdgGjUwK5lZu",
            "monedas": "015",
            "edad": "293"
        },
        {
            "nick": "fgellingo",
            "password": "B8CbO4ckzgNl",
            "monedas": "96081",
            "edad": "8"
        },
        {
            "nick": "bsamettp",
            "password": "WISkBdpzyyh5",
            "monedas": "7",
            "edad": "1"
        },
        {
            "nick": "mfleckneyq",
            "password": "RhWitjRBZ",
            "monedas": "3176",
            "edad": "623"
        },
        {
            "nick": "cpetrushankor",
            "password": "dcRVJ3BQ",
            "monedas": "43",
            "edad": "1"
        },
        {
            "nick": "qkrammers",
            "password": "J1eM0kbI",
            "monedas": "99551",
            "edad": "60"
        },
        {
            "nick": "ftriggelt",
            "password": "tcwR9mWXd7N",
            "monedas": "80",
            "edad": "65"
        },
        {
            "nick": "ualldisu",
            "password": "e0yRiy5c",
            "monedas": "39",
            "edad": "16"
        },
        {
            "nick": "kbaldassiv",
            "password": "v5LyCg",
            "monedas": "207209",
            "edad": "456"
        },
        {
            "nick": "pmussoliniw",
            "password": "3SBPjhGT",
            "monedas": "246",
            "edad": "08"
        },
        {
            "nick": "kblockeyx",
            "password": "z2517k",
            "monedas": "9",
            "edad": "74"
        },
        {
            "nick": "gtilzeyy",
            "password": "Qvlv5K",
            "monedas": "08",
            "edad": "3"
        },
        {
            "nick": "dbushellz",
            "password": "MT9YuUj89zW5",
            "monedas": "781217",
            "edad": "058"
        },
        {
            "nick": "cgoudman10",
            "password": "P4MqRU3y9",
            "monedas": "071",
            "edad": "650"
        },
        {
            "nick": "wdrinkhill11",
            "password": "hGyAQTFAVWwV",
            "monedas": "6",
            "edad": "07"
        },
        {
            "nick": "gmazin12",
            "password": "uouptSI",
            "monedas": "38418",
            "edad": "1"
        },
        {
            "nick": "mhertwell13",
            "password": "Rplp0Wel9QZ",
            "monedas": "405",
            "edad": "31"
        },
        {
            "nick": "fcarik14",
            "password": "SYtKDeGg8z",
            "monedas": "6",
            "edad": "4"
        },
        {
            "nick": "ndroogan15",
            "password": "is7Y2oJ",
            "monedas": "702",
            "edad": "388"
        },
        {
            "nick": "jglanvill16",
            "password": "tApjbv8PgT",
            "monedas": "3",
            "edad": "697"
        },
        {
            "nick": "hblaby17",
            "password": "wHNadUJo9ax",
            "monedas": "41",
            "edad": "465"
        },
        {
            "nick": "laloshkin18",
            "password": "9u2xi2wG",
            "monedas": "7",
            "edad": "10"
        },
        {
            "nick": "ascorer19",
            "password": "pfx4YaMaSzH",
            "monedas": "49033",
            "edad": "6"
        },
        {
            "nick": "cmullally1a",
            "password": "CFhePmq",
            "monedas": "1607",
            "edad": "2"
        },
        {
            "nick": "btoward1b",
            "password": "niWSI1AuN8xk",
            "monedas": "596294",
            "edad": "0"
        },
        {
            "nick": "gmintoff1c",
            "password": "2kNTpPV9KO4",
            "monedas": "09",
            "edad": "14"
        },
        {
            "nick": "aarmytage1d",
            "password": "j2LZihIeg",
            "monedas": "477132",
            "edad": "600"
        },
        {
            "nick": "kboick1e",
            "password": "2vqcJFs",
            "monedas": "317",
            "edad": "60"
        },
        {
            "nick": "ayakuntzov1f",
            "password": "7sokUf9Uu9KC",
            "monedas": "77",
            "edad": "2"
        },
        {
            "nick": "kneasham1g",
            "password": "jgqGtcElYVH",
            "monedas": "2002",
            "edad": "09"
        },
        {
            "nick": "rscotchmoor1h",
            "password": "FbMHgOgUOWYW",
            "monedas": "875739",
            "edad": "7"
        },
        {
            "nick": "zyankin1i",
            "password": "Aa4HcUxkP0",
            "monedas": "407",
            "edad": "720"
        },
        {
            "nick": "svennart1j",
            "password": "fSOoRC0b3t0",
            "monedas": "36067",
            "edad": "2"
        },
        {
            "nick": "ccanedo1k",
            "password": "wv9xfXRe",
            "monedas": "8",
            "edad": "432"
        },
        {
            "nick": "awalbridge1l",
            "password": "3kWn5Bk",
            "monedas": "9901",
            "edad": "715"
        },
        {
            "nick": "ssheridan1m",
            "password": "eOxRoPg5C",
            "monedas": "74266",
            "edad": "3"
        },
        {
            "nick": "mmacnab1n",
            "password": "zXUrKVaClNQ",
            "monedas": "213319",
            "edad": "03"
        },
        {
            "nick": "mreskelly1o",
            "password": "MZWUSXjM",
            "monedas": "695",
            "edad": "505"
        },
        {
            "nick": "zbromfield1p",
            "password": "4ImIHK",
            "monedas": "3659",
            "edad": "75"
        },
        {
            "nick": "borring1q",
            "password": "xfBXw9Jm",
            "monedas": "66034",
            "edad": "169"
        },
        {
            "nick": "pjozwik1r",
            "password": "8jdXDc",
            "monedas": "327521",
            "edad": "42"
        },
        {
            "nick": "bscotter1s",
            "password": "klSLkw60FAY",
            "monedas": "9589",
            "edad": "6"
        },
        {
            "nick": "jmeriot1t",
            "password": "dF3iYawsJjF",
            "monedas": "71",
            "edad": "83"
        },
        {
            "nick": "bjanning1u",
            "password": "INGX2g",
            "monedas": "4891",
            "edad": "1"
        },
        {
            "nick": "arimour1v",
            "password": "SIzopuzQU",
            "monedas": "097240",
            "edad": "735"
        },
        {
            "nick": "ltwinbrow1w",
            "password": "4NKnyMcd5JE",
            "monedas": "28704",
            "edad": "5"
        },
        {
            "nick": "pstangroom1x",
            "password": "8XbPbqabl6y",
            "monedas": "4573",
            "edad": "739"
        },
        {
            "nick": "rkoppens1y",
            "password": "O8dT5OPbJw6",
            "monedas": "5594",
            "edad": "41"
        },
        {
            "nick": "ddagless1z",
            "password": "7ZuuFU",
            "monedas": "7",
            "edad": "22"
        },
        {
            "nick": "afazzioli20",
            "password": "0O1ospjn",
            "monedas": "9318",
            "edad": "97"
        },
        {
            "nick": "mscammell21",
            "password": "pFohVXTlQ",
            "monedas": "01",
            "edad": "8"
        },
        {
            "nick": "ppolk22",
            "password": "vs8Q84hVO",
            "monedas": "133",
            "edad": "3"
        },
        {
            "nick": "yehlerding23",
            "password": "MMNaui61IgNc",
            "monedas": "526592",
            "edad": "59"
        },
        {
            "nick": "mbeekmann24",
            "password": "iGvpFs",
            "monedas": "861142",
            "edad": "3"
        },
        {
            "nick": "rfrome25",
            "password": "RIIo91v",
            "monedas": "64669",
            "edad": "102"
        },
        {
            "nick": "pyoungman26",
            "password": "Y5im0DgtLdb",
            "monedas": "8",
            "edad": "67"
        },
        {
            "nick": "bbreakey27",
            "password": "EqWP593v",
            "monedas": "60404",
            "edad": "88"
        },
        {
            "nick": "sgamett28",
            "password": "BKDO6H",
            "monedas": "9",
            "edad": "231"
        },
        {
            "nick": "jchilds29",
            "password": "LZNKvCF",
            "monedas": "26",
            "edad": "5"
        },
        {
            "nick": "opinney2a",
            "password": "kdJK03EdlGfZ",
            "monedas": "208101",
            "edad": "1"
        },
        {
            "nick": "dbeefon2b",
            "password": "fnavs6",
            "monedas": "9803",
            "edad": "00"
        },
        {
            "nick": "kstachini2c",
            "password": "a48vU26f",
            "monedas": "606257",
            "edad": "99"
        },
        {
            "nick": "aminnette2d",
            "password": "riNBOLXXT",
            "monedas": "438",
            "edad": "70"
        },
        {
            "nick": "smyford2e",
            "password": "QD5TEd8pW9fM",
            "monedas": "029",
            "edad": "11"
        },
        {
            "nick": "lelphick2f",
            "password": "qv42thBK",
            "monedas": "87",
            "edad": "5"
        },
        {
            "nick": "sralphs2g",
            "password": "oQf9N4joee",
            "monedas": "690",
            "edad": "138"
        },
        {
            "nick": "abenit2h",
            "password": "O5MMmhAtr",
            "monedas": "034787",
            "edad": "505"
        },
        {
            "nick": "hjellard2i",
            "password": "0COTZdi4q",
            "monedas": "2",
            "edad": "7"
        },
        {
            "nick": "rdownton2j",
            "password": "uTSg5JQPe2bQ",
            "monedas": "4",
            "edad": "6"
        },
        {
            "nick": "gmintoff2k",
            "password": "ElD7pIEk",
            "monedas": "5843",
            "edad": "24"
        },
        {
            "nick": "ltowle2l",
            "password": "gzoO9MWoUH",
            "monedas": "306",
            "edad": "187"
        },
        {
            "nick": "kbrowning2m",
            "password": "8CerKw7xzgGh",
            "monedas": "056",
            "edad": "16"
        },
        {
            "nick": "bthomen2n",
            "password": "5lwPN6gI",
            "monedas": "1",
            "edad": "7"
        },
        {
            "nick": "tdangerfield2o",
            "password": "7vGAS6g",
            "monedas": "6841",
            "edad": "73"
        },
        {
            "nick": "rcrippin2p",
            "password": "OUoIlyrFs",
            "monedas": "87057",
            "edad": "494"
        },
        {
            "nick": "zlook2q",
            "password": "rQWCs00D6",
            "monedas": "738492",
            "edad": "2"
        },
        {
            "nick": "hparlett2r",
            "password": "kCNPAGjJHXL8",
            "monedas": "69",
            "edad": "8"
        }
    ],
    "articulos": [
        {
            "id": "3f0e30e5-565b-48f6-b877-a4a27ab14a4f",
            "categoria": "Granite Surfaces",
            "precio": "8817",
            "nombre": "Colobus guerza",
            "src": "/usr/libe/skins/nombre"
        },
        {
            "id": "b1f8da3b-c87b-46bf-80a6-2bcf8af22d35",
            "categoria": "Roofing (Metal)",
            "precio": "998",
            "nombre": "Crax sp.",
            "src": "/usr/libe/skins/nombre"
        },
        {
            "id": "a989148c-65c2-4a53-a09c-05dc5288b53d",
            "categoria": "Waterproofing & Caulking",
            "precio": "0092",
            "nombre": "Lepus townsendii",
            "src": "/usr/libe/skins/nombre"
        },
        {
            "id": "c3d9d91b-da3e-4f03-aa93-0fbec920be75",
            "categoria": "HVAC",
            "precio": "13211",
            "nombre": "Lemur catta",
            "src": "/usr/libe/skins/nombre"
        },
        {
            "id": "ef134d34-d904-47e2-8198-9a6eae0bc759",
            "categoria": "Site Furnishings",
            "precio": "158",
            "nombre": "Manouria emys",
            "src": "/usr/libe/skins/nombre"
        },
        {
            "id": "6ae94616-45e2-498f-8a40-e54b678e09ce",
            "categoria": "Waterproofing & Caulking",
            "precio": "8",
            "nombre": "Lycosa godeffroyi",
            "src": "/usr/libe/skins/nombre"
        },
        {
            "id": "2bae79d6-9054-42e3-96c8-135f1e546aab",
            "categoria": "Site Furnishings",
            "precio": "8340",
            "nombre": "Macropus rufus",
            "src": "/usr/libe/skins/nombre"
        },
        {
            "id": "730607bb-59d5-4c7a-92ec-8e25ec213c74",
            "categoria": "Doors, Frames & Hardware",
            "precio": "7294",
            "nombre": "Hystrix cristata",
            "src": "/usr/libe/skins/nombre"
        },
        {
            "id": "2f591fc3-c533-4d92-a676-29fd30633510",
            "categoria": "Roofing (Metal)",
            "precio": "95808",
            "nombre": "Bubalus arnee",
            "src": "/usr/libe/skins/nombre"
        },
        {
            "id": "9df9fdaa-fefd-4509-955d-7c236baef73d",
            "categoria": "Construction Clean and Final Clean",
            "precio": "541",
            "nombre": "Hystrix indica",
            "src": "/usr/libe/skins/nombre"
        },
        {
            "id": "ff6d2ffd-474b-4977-adb5-ed3291448ba6",
            "categoria": "HVAC",
            "precio": "32",
            "nombre": "Lepus townsendii",
            "src": "/usr/libe/skins/nombre"
        },
        {
            "id": "e520db96-bd7d-4f25-b1ed-dc27e50beb93",
            "categoria": "Painting & Vinyl Wall Covering",
            "precio": "192550",
            "nombre": "Dendrocitta vagabunda",
            "src": "/usr/libe/skins/nombre"
        },
        {
            "id": "f0057845-5f5c-4657-895f-9d399b51199a",
            "categoria": "Temp Fencing, Decorative Fencing and Gates",
            "precio": "09",
            "nombre": "Damaliscus lunatus",
            "src": "/usr/libe/skins/nombre"
        },
        {
            "id": "6dff5ddb-5b4e-4f5f-be1d-17e594bfddf0",
            "categoria": "Curb & Gutter",
            "precio": "047",
            "nombre": "Castor canadensis",
            "src": "/usr/libe/skins/nombre"
        },
        {
            "id": "5e0a1a6f-3485-4d16-a2ad-96e63056ba3c",
            "categoria": "Framing (Wood)",
            "precio": "400",
            "nombre": "Anitibyx armatus",
            "src": "/usr/libe/skins/nombre"
        },
        {
            "id": "a791da26-c6a4-4e3e-8124-32bcee05b471",
            "categoria": "Plumbing & Medical Gas",
            "precio": "89",
            "nombre": "Nucifraga columbiana",
            "src": "/usr/libe/skins/nombre"
        },
        {
            "id": "d447b818-541b-4d1d-9d8c-b2dc586152de",
            "categoria": "Electrical and Fire Alarm",
            "precio": "60048",
            "nombre": "Dasypus septemcincus",
            "src": "/usr/libe/skins/nombre"
        },
        {
            "id": "112a0203-47d3-4fa1-a39e-bc05fe88d313",
            "categoria": "Glass & Glazing",
            "precio": "8",
            "nombre": "Ploceus rubiginosus",
            "src": "/usr/libe/skins/nombre"
        },
        {
            "id": "4febb8a1-9e0f-4632-bbc1-d6046f1a7ad8",
            "categoria": "Ornamental Railings",
            "precio": "7399",
            "nombre": "Damaliscus dorcas",
            "src": "/usr/libe/skins/nombre"
        },
        {
            "id": "c47438c4-2bfb-4032-aeee-fd7280c9f114",
            "categoria": "RF Shielding",
            "precio": "72",
            "nombre": "Ara chloroptera",
            "src": "/usr/libe/skins/nombre"
        },
        {
            "id": "399d1405-a5e8-4790-a98d-6d21f896200d",
            "categoria": "Plumbing & Medical Gas",
            "precio": "4582",
            "nombre": "Phalacrocorax niger",
            "src": "/usr/libe/skins/nombre"
        },
        {
            "id": "d9c075de-23ee-45ea-9485-e5906957b3f9",
            "categoria": "Sitework & Site Utilities",
            "precio": "183897",
            "nombre": "Dusicyon thous",
            "src": "/usr/libe/skins/nombre"
        },
        {
            "id": "bf2c0275-c57c-4c7e-8e9e-602bd71e7688",
            "categoria": "Roofing (Metal)",
            "precio": "896",
            "nombre": "Oryx gazella callotis",
            "src": "/usr/libe/skins/nombre"
        },
        {
            "id": "66b7a8c9-4e5a-4aa4-acae-597199abb103",
            "categoria": "Site Furnishings",
            "precio": "2360",
            "nombre": "Hippotragus niger",
            "src": "/usr/libe/skins/nombre"
        },
        {
            "id": "963880a2-eadc-44c1-b3fb-805583f2210c",
            "categoria": "Temp Fencing, Decorative Fencing and Gates",
            "precio": "345",
            "nombre": "Aonyx cinerea",
            "src": "/usr/libe/skins/nombre"
        },
        {
            "id": "f85d2b10-df3b-46d2-aa7c-f661c1d5e63f",
            "categoria": "Fire Protection",
            "precio": "5990",
            "nombre": "Equus burchelli",
            "src": "/usr/libe/skins/nombre"
        },
        {
            "id": "7823652b-c881-4439-81da-314cfc6555c5",
            "categoria": "Fire Sprinkler System",
            "precio": "56502",
            "nombre": "Ursus americanus",
            "src": "/usr/libe/skins/nombre"
        },
        {
            "id": "c766d121-a4cd-479c-93fb-e670f3145198",
            "categoria": "Plumbing & Medical Gas",
            "precio": "46",
            "nombre": "Cervus elaphus",
            "src": "/usr/libe/skins/nombre"
        },
        {
            "id": "53641a6a-fc6b-4633-9fd4-c9c435e7f371",
            "categoria": "Rebar & Wire Mesh Install",
            "precio": "7955",
            "nombre": "Rangifer tarandus",
            "src": "/usr/libe/skins/nombre"
        },
        {
            "id": "dbc38147-1cef-4536-a0b6-0b82d8db2eb4",
            "categoria": "Sitework & Site Utilities",
            "precio": "05907",
            "nombre": "Mungos mungo",
            "src": "/usr/libe/skins/nombre"
        },
        {
            "id": "f5b8f739-cab7-4ec3-ae30-0076ac057d2f",
            "categoria": "Roofing (Metal)",
            "precio": "986",
            "nombre": "Myrmecophaga tridactyla",
            "src": "/usr/libe/skins/nombre"
        },
        {
            "id": "e0338c45-9324-41be-8e13-b67de5de346c",
            "categoria": "Drywall & Acoustical (FED)",
            "precio": "478994",
            "nombre": "Mycteria ibis",
            "src": "/usr/libe/skins/nombre"
        },
        {
            "id": "11e1167f-4320-4469-9622-b846ca01cb91",
            "categoria": "Roofing (Metal)",
            "precio": "8216",
            "nombre": "Alectura lathami",
            "src": "/usr/libe/skins/nombre"
        },
        {
            "id": "600a2e12-9f91-485b-ac75-47667e44ae34",
            "categoria": "Glass & Glazing",
            "precio": "616",
            "nombre": "Ictalurus furcatus",
            "src": "/usr/libe/skins/nombre"
        },
        {
            "id": "4c3ee4ce-b89d-4914-b9a1-3fcbb51a0947",
            "categoria": "Site Furnishings",
            "precio": "5",
            "nombre": "Antechinus flavipes",
            "src": "/usr/libe/skins/nombre"
        },
        {
            "id": "b961f83e-8037-4ee7-b072-2eb881dba48b",
            "categoria": "Prefabricated Aluminum Metal Canopies",
            "precio": "25293",
            "nombre": "Oryx gazella",
            "src": "/usr/libe/skins/nombre"
        },
        {
            "id": "72a2bd67-32ca-46d9-9dba-ba2b1813b6be",
            "categoria": "EIFS",
            "precio": "99273",
            "nombre": "Arctogalidia trivirgata",
            "src": "/usr/libe/skins/nombre"
        },
        {
            "id": "24435dae-8585-44f2-8d41-bffc3a7780c5",
            "categoria": "Termite Control",
            "precio": "16596",
            "nombre": "Spheniscus magellanicus",
            "src": "/usr/libe/skins/nombre"
        },
        {
            "id": "eac9dc94-2aad-458d-813f-e8e3b7b8cf98",
            "categoria": "Framing (Wood)",
            "precio": "8466",
            "nombre": "Hystrix cristata",
            "src": "/usr/libe/skins/nombre"
        },
        {
            "id": "c3efbf8e-55bd-4346-b13f-a0b2cdea77d9",
            "categoria": "Ornamental Railings",
            "precio": "17555",
            "nombre": "Bettongia penicillata",
            "src": "/usr/libe/skins/nombre"
        },
        {
            "id": "162ff91d-60ec-45d8-abd8-6800672aeecf",
            "categoria": "Framing (Wood)",
            "precio": "0831",
            "nombre": "Lama glama",
            "src": "/usr/libe/skins/nombre"
        },
        {
            "id": "58708039-ce93-4360-b4a6-e06f4b84bcf1",
            "categoria": "Electrical and Fire Alarm",
            "precio": "68",
            "nombre": "Macropus agilis",
            "src": "/usr/libe/skins/nombre"
        },
        {
            "id": "eb33a1e1-38c2-459b-b0a4-67514f80d328",
            "categoria": "Ornamental Railings",
            "precio": "6",
            "nombre": "Grus canadensis",
            "src": "/usr/libe/skins/nombre"
        },
        {
            "id": "816b09ad-c545-4d54-a2d3-199a6095fde2",
            "categoria": "Ornamental Railings",
            "precio": "278154",
            "nombre": "Canis lupus lycaon",
            "src": "/usr/libe/skins/nombre"
        },
        {
            "id": "0e5364bb-0901-42e9-9bf2-bbb48771bb1c",
            "categoria": "Electrical",
            "precio": "4",
            "nombre": "Tachybaptus ruficollis",
            "src": "/usr/libe/skins/nombre"
        },
        {
            "id": "ade8de27-5e84-46a3-8445-a9099eea4384",
            "categoria": "Masonry & Precast",
            "precio": "824720",
            "nombre": "Bradypus tridactylus",
            "src": "/usr/libe/skins/nombre"
        },
        {
            "id": "a2c52050-b104-4b04-b86c-ffb51139a7a5",
            "categoria": "Overhead Doors",
            "precio": "56255",
            "nombre": "Laniarius ferrugineus",
            "src": "/usr/libe/skins/nombre"
        },
        {
            "id": "02b9c3e0-3388-4383-b8f9-868c3dcaa854",
            "categoria": "Structural & Misc Steel Erection",
            "precio": "5877",
            "nombre": "Potos flavus",
            "src": "/usr/libe/skins/nombre"
        },
        {
            "id": "0a229f16-fd73-48f1-8a68-67df013b28fd",
            "categoria": "EIFS",
            "precio": "826",
            "nombre": "Pelecanus conspicillatus",
            "src": "/usr/libe/skins/nombre"
        },
        {
            "id": "979ac537-b0bc-4331-bd24-85f82cd31fec",
            "categoria": "Construction Clean and Final Clean",
            "precio": "46",
            "nombre": "Spilogale gracilis",
            "src": "/usr/libe/skins/nombre"
        },
        {
            "id": "21a6d2d4-4957-4071-aaa1-150d99a287ab",
            "categoria": "Temp Fencing, Decorative Fencing and Gates",
            "precio": "333160",
            "nombre": "Ephippiorhynchus mycteria",
            "src": "/usr/libe/skins/nombre"
        },
        {
            "id": "2dc278cd-0387-4f50-bfbc-cd7a800300e9",
            "categoria": "Construction Clean and Final Clean",
            "precio": "42",
            "nombre": "Bison bison",
            "src": "/usr/libe/skins/nombre"
        },
        {
            "id": "f6fd1f53-1046-4203-81b2-630ad499e672",
            "categoria": "Framing (Wood)",
            "precio": "782",
            "nombre": "Thalasseus maximus",
            "src": "/usr/libe/skins/nombre"
        },
        {
            "id": "915fba04-9bed-46ae-87a7-3149393325db",
            "categoria": "Ornamental Railings",
            "precio": "71678",
            "nombre": "Tauraco porphyrelophus",
            "src": "/usr/libe/skins/nombre"
        },
        {
            "id": "da6a8b28-6671-449c-93ee-2b21c8f7ee1a",
            "categoria": "Hard Tile & Stone",
            "precio": "70146",
            "nombre": "Pterocles gutturalis",
            "src": "/usr/libe/skins/nombre"
        },
        {
            "id": "201a9837-9855-41eb-8ad1-7b26a171218d",
            "categoria": "Elevator",
            "precio": "505",
            "nombre": "Francolinus leucoscepus",
            "src": "/usr/libe/skins/nombre"
        },
        {
            "id": "cef2de7d-a442-4b72-9cd9-b0c12990d8ca",
            "categoria": "HVAC",
            "precio": "3385",
            "nombre": "Gazella thompsonii",
            "src": "/usr/libe/skins/nombre"
        },
        {
            "id": "afc0e7c3-eadb-49fd-bed2-8857545e66e5",
            "categoria": "Fire Protection",
            "precio": "302270",
            "nombre": "Merops bullockoides",
            "src": "/usr/libe/skins/nombre"
        },
        {
            "id": "83c8ffba-cb1a-4919-b454-0a6df1a87f40",
            "categoria": "Masonry",
            "precio": "48853",
            "nombre": "Fregata magnificans",
            "src": "/usr/libe/skins/nombre"
        },
        {
            "id": "5955025b-f3a6-4535-8c95-05e3531010de",
            "categoria": "Overhead Doors",
            "precio": "1",
            "nombre": "Phasianus colchicus",
            "src": "/usr/libe/skins/nombre"
        },
        {
            "id": "f382cbc5-6fee-4845-8ef8-714dcaa12110",
            "categoria": "Framing (Wood)",
            "precio": "31",
            "nombre": "Chelodina longicollis",
            "src": "/usr/libe/skins/nombre"
        },
        {
            "id": "7ddcc6da-b6cb-44bf-800c-185c94ccfbe6",
            "categoria": "Overhead Doors",
            "precio": "1",
            "nombre": "Taxidea taxus",
            "src": "/usr/libe/skins/nombre"
        },
        {
            "id": "e2d53f0d-18d3-4cd1-8a00-2bb931e03d00",
            "categoria": "Electrical and Fire Alarm",
            "precio": "808",
            "nombre": "Sylvicapra grimma",
            "src": "/usr/libe/skins/nombre"
        },
        {
            "id": "f44c778a-9984-4b9a-a9a0-a30bcd50c695",
            "categoria": "Casework",
            "precio": "4706",
            "nombre": "Aonyx cinerea",
            "src": "/usr/libe/skins/nombre"
        },
        {
            "id": "67ca2e58-f281-4878-884b-4ed1724fbc63",
            "categoria": "Framing (Wood)",
            "precio": "39",
            "nombre": "Vulpes chama",
            "src": "/usr/libe/skins/nombre"
        },
        {
            "id": "1f637d52-d8c2-447a-8c70-0d8f9953e437",
            "categoria": "HVAC",
            "precio": "25",
            "nombre": "unavailable",
            "src": "/usr/libe/skins/nombre"
        },
        {
            "id": "9cd4be8b-90ac-4d1e-886d-7b98ace99499",
            "categoria": "Waterproofing & Caulking",
            "precio": "5",
            "nombre": "Bison bison",
            "src": "/usr/libe/skins/nombre"
        },
        {
            "id": "a333c630-b0a4-4e9d-969d-851226035ab4",
            "categoria": "Glass & Glazing",
            "precio": "427",
            "nombre": "Orcinus orca",
            "src": "/usr/libe/skins/nombre"
        },
        {
            "id": "781f013e-c1df-4d17-b4a3-320ca2315979",
            "categoria": "Structural & Misc Steel Erection",
            "precio": "41174",
            "nombre": "Anser anser",
            "src": "/usr/libe/skins/nombre"
        },
        {
            "id": "cf31d78f-d502-4984-a2f6-74ba8391b0e3",
            "categoria": "Doors, Frames & Hardware",
            "precio": "591983",
            "nombre": "Vanellus chilensis",
            "src": "/usr/libe/skins/nombre"
        },
        {
            "id": "605b2771-bfd0-42f9-a9b9-3c0fe86873fe",
            "categoria": "Sitework & Site Utilities",
            "precio": "7811",
            "nombre": "Fregata magnificans",
            "src": "/usr/libe/skins/nombre"
        },
        {
            "id": "d888023c-acc3-4d42-925c-1d3f16fe5dab",
            "categoria": "Framing (Wood)",
            "precio": "65",
            "nombre": "Scolopax minor",
            "src": "/usr/libe/skins/nombre"
        },
        {
            "id": "d7826d8c-38f4-4a23-aa23-e213252c1ee8",
            "categoria": "Waterproofing & Caulking",
            "precio": "251118",
            "nombre": "Meleagris gallopavo",
            "src": "/usr/libe/skins/nombre"
        },
        {
            "id": "d8d1f35a-e99e-4310-8842-5598f41bcf7e",
            "categoria": "Drywall & Acoustical (FED)",
            "precio": "3238",
            "nombre": "Semnopithecus entellus",
            "src": "/usr/libe/skins/nombre"
        },
        {
            "id": "9a5465aa-1cbb-436b-b56c-edc0fbdaa476",
            "categoria": "Drywall & Acoustical (FED)",
            "precio": "150",
            "nombre": "Mycteria leucocephala",
            "src": "/usr/libe/skins/nombre"
        },
        {
            "id": "210416b0-e398-42a8-9ee1-6de775910326",
            "categoria": "Drywall & Acoustical (FED)",
            "precio": "74",
            "nombre": "Eurocephalus anguitimens",
            "src": "/usr/libe/skins/nombre"
        },
        {
            "id": "3a423234-30a0-4b81-b510-c034bc9dd8af",
            "categoria": "Granite Surfaces",
            "precio": "8950",
            "nombre": "Pseudalopex gymnocercus",
            "src": "/usr/libe/skins/nombre"
        },
        {
            "id": "b7dd6757-c37d-45ad-acb0-3c1fe95dbd7b",
            "categoria": "Waterproofing & Caulking",
            "precio": "96812",
            "nombre": "Phasianus colchicus",
            "src": "/usr/libe/skins/nombre"
        },
        {
            "id": "473b6cf8-8f41-4350-9c23-21f7001bcef2",
            "categoria": "Doors, Frames & Hardware",
            "precio": "84",
            "nombre": "Mephitis mephitis",
            "src": "/usr/libe/skins/nombre"
        },
        {
            "id": "3b1be1d8-7746-40d6-b80b-673a9f4cf681",
            "categoria": "HVAC",
            "precio": "769531",
            "nombre": "Chlidonias leucopterus",
            "src": "/usr/libe/skins/nombre"
        },
        {
            "id": "e4862372-a87e-417d-96ea-e6dea3426b34",
            "categoria": "Roofing (Metal)",
            "precio": "70",
            "nombre": "Butorides striatus",
            "src": "/usr/libe/skins/nombre"
        },
        {
            "id": "40d875bf-950b-48d9-89f0-e4280cb083ea",
            "categoria": "Sitework & Site Utilities",
            "precio": "274",
            "nombre": "unavailable",
            "src": "/usr/libe/skins/nombre"
        },
        {
            "id": "5cc96f13-5d00-4481-a75f-c08bcfcd5da4",
            "categoria": "Retaining Wall and Brick Pavers",
            "precio": "58",
            "nombre": "Myrmecophaga tridactyla",
            "src": "/usr/libe/skins/nombre"
        },
        {
            "id": "d053a75e-fb62-4c29-ac05-556c85d1e143",
            "categoria": "Construction Clean and Final Clean",
            "precio": "0497",
            "nombre": "Zosterops pallidus",
            "src": "/usr/libe/skins/nombre"
        },
        {
            "id": "c68e3809-7910-470c-8552-f6280768dc5c",
            "categoria": "Wall Protection",
            "precio": "672924",
            "nombre": "Ninox superciliaris",
            "src": "/usr/libe/skins/nombre"
        },
        {
            "id": "0479d037-a014-45d8-a919-3c0107454426",
            "categoria": "Rebar & Wire Mesh Install",
            "precio": "624440",
            "nombre": "Coluber constrictor foxii",
            "src": "/usr/libe/skins/nombre"
        },
        {
            "id": "61a7d083-4c97-498e-beb6-338ff3b1f96f",
            "categoria": "Roofing (Metal)",
            "precio": "705876",
            "nombre": "Phoenicopterus ruber",
            "src": "/usr/libe/skins/nombre"
        },
        {
            "id": "b118b342-1ee8-40c6-a9b8-28abc3281eed",
            "categoria": "Site Furnishings",
            "precio": "606670",
            "nombre": "Hystrix cristata",
            "src": "/usr/libe/skins/nombre"
        },
        {
            "id": "9c91a348-e62b-49d4-8729-936e3a72da60",
            "categoria": "Casework",
            "precio": "980",
            "nombre": "Amphibolurus barbatus",
            "src": "/usr/libe/skins/nombre"
        },
        {
            "id": "89df9f31-cad7-4fc4-95f4-0b1aad5eca37",
            "categoria": "Framing (Wood)",
            "precio": "42862",
            "nombre": "Callorhinus ursinus",
            "src": "/usr/libe/skins/nombre"
        },
        {
            "id": "00486596-c2ca-44af-b414-1a04ce5adb81",
            "categoria": "Casework",
            "precio": "450909",
            "nombre": "Ardea cinerea",
            "src": "/usr/libe/skins/nombre"
        },
        {
            "id": "1d41304d-a23e-4d04-bcaa-0fc7a5f137cd",
            "categoria": "Termite Control",
            "precio": "39",
            "nombre": "Dasypus septemcincus",
            "src": "/usr/libe/skins/nombre"
        },
        {
            "id": "5c21fc2b-7cac-460b-9b3a-efd5fe0f8f2c",
            "categoria": "Structural & Misc Steel Erection",
            "precio": "9187",
            "nombre": "Dasyurus viverrinus",
            "src": "/usr/libe/skins/nombre"
        },
        {
            "id": "32f48b09-6731-4fa5-afae-006b456a7318",
            "categoria": "Ornamental Railings",
            "precio": "29",
            "nombre": "Vulpes vulpes",
            "src": "/usr/libe/skins/nombre"
        },
        {
            "id": "ee0a7422-de89-4653-9bba-1c6785c63abb",
            "categoria": "Construction Clean and Final Clean",
            "precio": "824",
            "nombre": "Hyaena hyaena",
            "src": "/usr/libe/skins/nombre"
        },
        {
            "id": "4694817f-90cb-4a81-89bd-235085bc1159",
            "categoria": "Ornamental Railings",
            "precio": "6807",
            "nombre": "Aonyx capensis",
            "src": "/usr/libe/skins/nombre"
        },
        {
            "id": "1ee1fc70-7ed8-4fe7-8f6f-032d4bf1a064",
            "categoria": "Fire Sprinkler System",
            "precio": "1",
            "nombre": "Aquila chrysaetos",
            "src": "/usr/libe/skins/nombre"
        },
        {
            "id": "ec5f1b24-0725-4281-9b2c-001d60f8b296",
            "categoria": "Fire Protection",
            "precio": "581740",
            "nombre": "Ara macao",
            "src": "/usr/libe/skins/nombre"
        },
        {
            "id": "518474ae-deef-44a0-b56a-ec66d2ff2134",
            "categoria": "Landscaping & Irrigation",
            "precio": "197327",
            "nombre": "Chelodina longicollis",
            "src": "/usr/libe/skins/nombre"
        },
        {
            "id": "c8a8d9b2-b7e6-4689-8ea7-440a59145700",
            "categoria": "Painting & Vinyl Wall Covering",
            "precio": "994",
            "nombre": "Acrobates pygmaeus",
            "src": "/usr/libe/skins/nombre"
        },
        {
            "id": "e3520e35-a4f4-4f06-9145-00314c7a2dd1",
            "categoria": "Soft Flooring and Base",
            "precio": "708",
            "nombre": "Sagittarius serpentarius",
            "src": "/usr/libe/skins/nombre"
        },
        {
            "id": "d054a0b1-10fe-4596-88b9-5785a4665b14",
            "categoria": "Construction Clean and Final Clean",
            "precio": "3",
            "nombre": "Choriotis kori",
            "src": "/usr/libe/skins/nombre"
        },
        {
            "id": "fbd27168-8705-423a-942e-3a2a391048a5",
            "categoria": "Casework",
            "precio": "9062",
            "nombre": "Laniarius ferrugineus",
            "src": "/usr/libe/skins/nombre"
        },
        {
            "id": "94b4223a-e696-44d5-ad05-8ab31e7b67f0",
            "categoria": "Soft Flooring and Base",
            "precio": "2",
            "nombre": "Marmota flaviventris",
            "src": "/usr/libe/skins/nombre"
        },
        {
            "id": "9d5c7ea5-ba4a-4a6e-93dd-edc348c66e4d",
            "categoria": "Elevator",
            "precio": "45",
            "nombre": "Graspus graspus",
            "src": "/usr/libe/skins/nombre"
        },
        {
            "id": "b8a4eced-be42-47c4-aa7c-2e8bd1fb6e16",
            "categoria": "Drywall & Acoustical (FED)",
            "precio": "22",
            "nombre": "Macropus rufogriseus",
            "src": "/usr/libe/skins/nombre"
        },
        {
            "id": "c865221c-5d5d-4e62-9efb-9aa24a4c7030",
            "categoria": "Site Furnishings",
            "precio": "4",
            "nombre": "Fregata magnificans",
            "src": "/usr/libe/skins/nombre"
        },
        {
            "id": "b9db52bd-8fa8-4654-9da8-751154350db8",
            "categoria": "Termite Control",
            "precio": "68",
            "nombre": "Phalacrocorax varius",
            "src": "/usr/libe/skins/nombre"
        },
        {
            "id": "f277ce59-f991-4ceb-9778-6f4192bb4b85",
            "categoria": "Framing (Steel)",
            "precio": "31",
            "nombre": "Phalacrocorax albiventer",
            "src": "/usr/libe/skins/nombre"
        },
        {
            "id": "033b62b5-ece5-4c7d-bbfc-7e6fa3f3cbe2",
            "categoria": "Ornamental Railings",
            "precio": "94",
            "nombre": "Macropus rufogriseus",
            "src": "/usr/libe/skins/nombre"
        },
        {
            "id": "01532a97-62d1-4130-bd9a-d58f7d6c7b21",
            "categoria": "Fire Sprinkler System",
            "precio": "93172",
            "nombre": "Plectopterus gambensis",
            "src": "/usr/libe/skins/nombre"
        },
        {
            "id": "70beffb3-f5a6-462e-b9c8-189693a591c2",
            "categoria": "Roofing (Metal)",
            "precio": "1",
            "nombre": "Globicephala melas",
            "src": "/usr/libe/skins/nombre"
        },
        {
            "id": "e103be11-4a5c-430e-95fc-c1d5e53729e8",
            "categoria": "Structural and Misc Steel (Fabrication)",
            "precio": "21",
            "nombre": "Geococcyx californianus",
            "src": "/usr/libe/skins/nombre"
        },
        {
            "id": "0a217681-b325-40cc-a08a-ddc61b9ab5ba",
            "categoria": "Ornamental Railings",
            "precio": "363279",
            "nombre": "Ciconia ciconia",
            "src": "/usr/libe/skins/nombre"
        },
        {
            "id": "506368c8-6485-46aa-8bd4-c99871957510",
            "categoria": "Fire Protection",
            "precio": "445",
            "nombre": "Nasua narica",
            "src": "/usr/libe/skins/nombre"
        },
        {
            "id": "c4156520-f9be-4641-a7f7-89ae908f75d0",
            "categoria": "Roofing (Asphalt)",
            "precio": "80",
            "nombre": "Cracticus nigroagularis",
            "src": "/usr/libe/skins/nombre"
        },
        {
            "id": "7b58f281-9cec-43fe-b210-ca7e7c753e65",
            "categoria": "Exterior Signage",
            "precio": "9537",
            "nombre": "Trichoglossus haematodus moluccanus",
            "src": "/usr/libe/skins/nombre"
        },
        {
            "id": "24613bf7-9c9c-4741-bd27-03a1cdc589c1",
            "categoria": "Fire Protection",
            "precio": "3",
            "nombre": "Diceros bicornis",
            "src": "/usr/libe/skins/nombre"
        },
        {
            "id": "2197bd57-e015-474d-89c5-6a8846f40c13",
            "categoria": "Framing (Wood)",
            "precio": "3755",
            "nombre": "Globicephala melas",
            "src": "/usr/libe/skins/nombre"
        },
        {
            "id": "2de92714-ec5b-43ab-ad93-61e7c5feb7f0",
            "categoria": "Temp Fencing, Decorative Fencing and Gates",
            "precio": "64",
            "nombre": "Phoeniconaias minor",
            "src": "/usr/libe/skins/nombre"
        },
        {
            "id": "25e257d4-7ada-40f8-a4d9-90467a1deb07",
            "categoria": "Epoxy Flooring",
            "precio": "358349",
            "nombre": "Varanus salvator",
            "src": "/usr/libe/skins/nombre"
        },
        {
            "id": "d3e000a9-0392-4c23-9636-3dc59c60efbe",
            "categoria": "Elevator",
            "precio": "54398",
            "nombre": "Sciurus vulgaris",
            "src": "/usr/libe/skins/nombre"
        },
        {
            "id": "154d9f6c-3483-4ede-b0f3-eea545d02a7c",
            "categoria": "RF Shielding",
            "precio": "7",
            "nombre": "Amblyrhynchus cristatus",
            "src": "/usr/libe/skins/nombre"
        },
        {
            "id": "2639b8c7-0bc7-4512-940a-178b6bd019a7",
            "categoria": "Drywall & Acoustical (FED)",
            "precio": "402",
            "nombre": "Gymnorhina tibicen",
            "src": "/usr/libe/skins/nombre"
        },
        {
            "id": "bbe4912f-e64e-4968-8934-dcb96d859379",
            "categoria": "Drilled Shafts",
            "precio": "25668",
            "nombre": "Melursus ursinus",
            "src": "/usr/libe/skins/nombre"
        },
        {
            "id": "64a56050-da18-4f4b-97f9-18fcc56814c8",
            "categoria": "HVAC",
            "precio": "9",
            "nombre": "Passer domesticus",
            "src": "/usr/libe/skins/nombre"
        },
        {
            "id": "f8ee5adf-e559-4e03-bb7f-bfca526565de",
            "categoria": "Termite Control",
            "precio": "40331",
            "nombre": "Acrobates pygmaeus",
            "src": "/usr/libe/skins/nombre"
        },
        {
            "id": "09f99182-50c0-4e14-8c95-8a0c0f05225e",
            "categoria": "Asphalt Paving",
            "precio": "710",
            "nombre": "Plegadis falcinellus",
            "src": "/usr/libe/skins/nombre"
        },
        {
            "id": "26c4706d-f1a5-4c55-8a40-fd2c95dd7d5f",
            "categoria": "Soft Flooring and Base",
            "precio": "82",
            "nombre": "Ninox superciliaris",
            "src": "/usr/libe/skins/nombre"
        },
        {
            "id": "403d7376-1069-4a38-b75c-c27eb3013ad4",
            "categoria": "Site Furnishings",
            "precio": "9",
            "nombre": "Varanus salvator",
            "src": "/usr/libe/skins/nombre"
        },
        {
            "id": "c5350470-932d-4ceb-a4d8-593743e7fc3a",
            "categoria": "Fire Protection",
            "precio": "4",
            "nombre": "Ursus arctos",
            "src": "/usr/libe/skins/nombre"
        },
        {
            "id": "d75b3867-8035-429a-847c-fa657b31f414",
            "categoria": "Sitework & Site Utilities",
            "precio": "79",
            "nombre": "Amblyrhynchus cristatus",
            "src": "/usr/libe/skins/nombre"
        },
        {
            "id": "e29a1bb5-efcb-4df4-8e27-ef2e54d093d1",
            "categoria": "Electrical and Fire Alarm",
            "precio": "1232",
            "nombre": "Dasyurus viverrinus",
            "src": "/usr/libe/skins/nombre"
        },
        {
            "id": "ab5be2f4-a85a-4742-b57a-182512c78a68",
            "categoria": "Masonry & Precast",
            "precio": "2",
            "nombre": "Acrobates pygmaeus",
            "src": "/usr/libe/skins/nombre"
        },
        {
            "id": "93f79aae-ebfd-4c91-adba-0dd3dc46fdff",
            "categoria": "Elevator",
            "precio": "3",
            "nombre": "Physignathus cocincinus",
            "src": "/usr/libe/skins/nombre"
        },
        {
            "id": "403523fe-5281-4618-814b-a149971e54c1",
            "categoria": "Temp Fencing, Decorative Fencing and Gates",
            "precio": "65",
            "nombre": "Kobus defassa",
            "src": "/usr/libe/skins/nombre"
        },
        {
            "id": "bc633d79-6e10-4fa5-8e41-ea2d75874ba0",
            "categoria": "Temp Fencing, Decorative Fencing and Gates",
            "precio": "294",
            "nombre": "Coendou prehensilis",
            "src": "/usr/libe/skins/nombre"
        },
        {
            "id": "2322a2ba-59e3-4b44-a717-6d8270245283",
            "categoria": "EIFS",
            "precio": "200",
            "nombre": "Agouti paca",
            "src": "/usr/libe/skins/nombre"
        },
        {
            "id": "e1b3f16e-82bc-4a6f-8ac0-c3d332bb1b16",
            "categoria": "Sitework & Site Utilities",
            "precio": "3",
            "nombre": "Tayassu tajacu",
            "src": "/usr/libe/skins/nombre"
        },
        {
            "id": "27427e2e-1aa0-4506-be00-50913422c098",
            "categoria": "Doors, Frames & Hardware",
            "precio": "62432",
            "nombre": "Papio cynocephalus",
            "src": "/usr/libe/skins/nombre"
        },
        {
            "id": "4dbfb03e-4ee3-4449-a765-e94f4148d342",
            "categoria": "Granite Surfaces",
            "precio": "231491",
            "nombre": "Grus rubicundus",
            "src": "/usr/libe/skins/nombre"
        },
        {
            "id": "a2edb4d1-b5c5-4fa1-adf2-1631cce503c0",
            "categoria": "Waterproofing & Caulking",
            "precio": "0",
            "nombre": "Larus dominicanus",
            "src": "/usr/libe/skins/nombre"
        },
        {
            "id": "58ba5d8c-7f04-431e-bd0f-3de91c3e6232",
            "categoria": "Roofing (Asphalt)",
            "precio": "7",
            "nombre": "unavailable",
            "src": "/usr/libe/skins/nombre"
        },
        {
            "id": "3af6b1d5-54c2-4b45-b0dd-c15308dcbfce",
            "categoria": "Termite Control",
            "precio": "95",
            "nombre": "Paroaria gularis",
            "src": "/usr/libe/skins/nombre"
        },
        {
            "id": "3f70ae6b-07f5-44ef-862b-69d942ece592",
            "categoria": "Asphalt Paving",
            "precio": "78",
            "nombre": "Acrantophis madagascariensis",
            "src": "/usr/libe/skins/nombre"
        },
        {
            "id": "419262e5-71ec-4706-99a8-7406db37ca5c",
            "categoria": "Doors, Frames & Hardware",
            "precio": "8048",
            "nombre": "Leptoptilos crumeniferus",
            "src": "/usr/libe/skins/nombre"
        },
        {
            "id": "0b973158-8630-4dcf-bbb2-685cbc3a3b18",
            "categoria": "Glass & Glazing",
            "precio": "659541",
            "nombre": "Phoenicopterus ruber",
            "src": "/usr/libe/skins/nombre"
        },
        {
            "id": "4382bc44-57bb-492f-8437-eb0556b89acd",
            "categoria": "Termite Control",
            "precio": "5457",
            "nombre": "Pelecans onocratalus",
            "src": "/usr/libe/skins/nombre"
        },
        {
            "id": "9c99427b-c4de-49b0-816a-845423b11686",
            "categoria": "Asphalt Paving",
            "precio": "460739",
            "nombre": "Alligator mississippiensis",
            "src": "/usr/libe/skins/nombre"
        },
        {
            "id": "9d4d639e-31a1-40d9-a2da-0e72a502a113",
            "categoria": "Sitework & Site Utilities",
            "precio": "572533",
            "nombre": "Snycerus caffer",
            "src": "/usr/libe/skins/nombre"
        },
        {
            "id": "b5f8c33b-779e-4ffd-8162-cbc6252f80df",
            "categoria": "Drilled Shafts",
            "precio": "5",
            "nombre": "Chionis alba",
            "src": "/usr/libe/skins/nombre"
        },
        {
            "id": "48924854-807d-4720-b779-23c69fdff5a6",
            "categoria": "Asphalt Paving",
            "precio": "3469",
            "nombre": "Vanellus sp.",
            "src": "/usr/libe/skins/nombre"
        },
        {
            "id": "3c9e59f6-4000-4fb6-aacc-6fec6419af32",
            "categoria": "Hard Tile & Stone",
            "precio": "590",
            "nombre": "Anas platyrhynchos",
            "src": "/usr/libe/skins/nombre"
        },
        {
            "id": "f39a7601-b477-4de1-ae0c-3daf45f67279",
            "categoria": "Wall Protection",
            "precio": "085563",
            "nombre": "Gymnorhina tibicen",
            "src": "/usr/libe/skins/nombre"
        },
        {
            "id": "0d74c6f1-8b14-4952-9adf-d52506919f31",
            "categoria": "Construction Clean and Final Clean",
            "precio": "74430",
            "nombre": "Choloepus hoffmani",
            "src": "/usr/libe/skins/nombre"
        },
        {
            "id": "102169e3-8261-4043-a0e0-059b9071a0ea",
            "categoria": "Elevator",
            "precio": "1",
            "nombre": "Dusicyon thous",
            "src": "/usr/libe/skins/nombre"
        },
        {
            "id": "df30f1bc-28b0-46ec-a905-a9fd9718389b",
            "categoria": "Termite Control",
            "precio": "978842",
            "nombre": "Spilogale gracilis",
            "src": "/usr/libe/skins/nombre"
        },
        {
            "id": "f7a49b4b-8a47-40af-8fd2-98c12c753113",
            "categoria": "Electrical and Fire Alarm",
            "precio": "584",
            "nombre": "Madoqua kirkii",
            "src": "/usr/libe/skins/nombre"
        },
        {
            "id": "dd49f62d-3c78-47c6-ba74-8d8817dacb19",
            "categoria": "Termite Control",
            "precio": "587876",
            "nombre": "Hystrix cristata",
            "src": "/usr/libe/skins/nombre"
        },
        {
            "id": "6f51e0a1-7319-4fa0-95b3-aecda417f80e",
            "categoria": "Granite Surfaces",
            "precio": "788752",
            "nombre": "Hippotragus equinus",
            "src": "/usr/libe/skins/nombre"
        },
        {
            "id": "23e4c62c-199e-48e9-bfa2-508701d1af8e",
            "categoria": "Painting & Vinyl Wall Covering",
            "precio": "73214",
            "nombre": "Eira barbata",
            "src": "/usr/libe/skins/nombre"
        },
        {
            "id": "787ce7e7-800d-44cb-a7d7-2e5706012422",
            "categoria": "Waterproofing & Caulking",
            "precio": "410",
            "nombre": "Ramphastos tucanus",
            "src": "/usr/libe/skins/nombre"
        },
        {
            "id": "ebf836e3-42d8-43d1-8a74-9264e5fa2de3",
            "categoria": "Casework",
            "precio": "929",
            "nombre": "Dusicyon thous",
            "src": "/usr/libe/skins/nombre"
        },
        {
            "id": "6cdb762f-ef26-4714-b67d-e3f560b86f60",
            "categoria": "Rebar & Wire Mesh Install",
            "precio": "618409",
            "nombre": "Heloderma horridum",
            "src": "/usr/libe/skins/nombre"
        },
        {
            "id": "c62cca77-dd11-4f0d-8066-5c088d19b1af",
            "categoria": "Electrical and Fire Alarm",
            "precio": "073152",
            "nombre": "Spheniscus mendiculus",
            "src": "/usr/libe/skins/nombre"
        },
        {
            "id": "ffcf007b-e746-4a5a-b406-6d1cc99233b2",
            "categoria": "Temp Fencing, Decorative Fencing and Gates",
            "precio": "3438",
            "nombre": "Grus antigone",
            "src": "/usr/libe/skins/nombre"
        },
        {
            "id": "8076ea8b-bf67-4246-a4cb-5124f18812de",
            "categoria": "Structural and Misc Steel (Fabrication)",
            "precio": "318",
            "nombre": "Bubo virginianus",
            "src": "/usr/libe/skins/nombre"
        },
        {
            "id": "ae3fddbf-8369-49f9-8684-28e7194eaa2a",
            "categoria": "Termite Control",
            "precio": "3",
            "nombre": "Sylvilagus floridanus",
            "src": "/usr/libe/skins/nombre"
        },
        {
            "id": "40a919e4-3efe-48a5-9387-7d4641ea5a6c",
            "categoria": "Framing (Steel)",
            "precio": "3463",
            "nombre": "Haliaeetus leucoryphus",
            "src": "/usr/libe/skins/nombre"
        },
        {
            "id": "2d84a3d5-f829-457d-87df-8af045022196",
            "categoria": "Doors, Frames & Hardware",
            "precio": "7688",
            "nombre": "Diomedea irrorata",
            "src": "/usr/libe/skins/nombre"
        },
        {
            "id": "f148cd5f-1a6a-426a-8229-feaeced21111",
            "categoria": "Prefabricated Aluminum Metal Canopies",
            "precio": "31459",
            "nombre": "Castor canadensis",
            "src": "/usr/libe/skins/nombre"
        },
        {
            "id": "fa354903-c027-4b65-8fae-9e9bb88e4763",
            "categoria": "Termite Control",
            "precio": "2",
            "nombre": "Procyon cancrivorus",
            "src": "/usr/libe/skins/nombre"
        },
        {
            "id": "d605c195-2c57-4e58-89b7-6e6ce26ec999",
            "categoria": "Asphalt Paving",
            "precio": "217",
            "nombre": "Cebus apella",
            "src": "/usr/libe/skins/nombre"
        },
        {
            "id": "45eb91c7-3280-424e-95c9-a028867ab3f5",
            "categoria": "Exterior Signage",
            "precio": "213173",
            "nombre": "Eolophus roseicapillus",
            "src": "/usr/libe/skins/nombre"
        },
        {
            "id": "6da728d2-3bdb-4b1e-9ec7-ac74e803a4f3",
            "categoria": "Doors, Frames & Hardware",
            "precio": "6416",
            "nombre": "Hymenolaimus malacorhynchus",
            "src": "/usr/libe/skins/nombre"
        },
        {
            "id": "560a8ba4-657c-4551-ae8d-6c589f7e5136",
            "categoria": "Masonry",
            "precio": "714335",
            "nombre": "Ardea cinerea",
            "src": "/usr/libe/skins/nombre"
        },
        {
            "id": "49d3c14f-ba75-4548-a141-686f9b8c315f",
            "categoria": "Masonry",
            "precio": "39",
            "nombre": "Cereopsis novaehollandiae",
            "src": "/usr/libe/skins/nombre"
        },
        {
            "id": "5e2714fe-71f0-4aa3-a8ba-6fb5cd617174",
            "categoria": "Drywall & Acoustical (FED)",
            "precio": "9",
            "nombre": "Tragelaphus strepsiceros",
            "src": "/usr/libe/skins/nombre"
        },
        {
            "id": "9b5442d2-fd98-4d9a-adb4-03a561581448",
            "categoria": "Masonry & Precast",
            "precio": "0275",
            "nombre": "Vanellus sp.",
            "src": "/usr/libe/skins/nombre"
        },
        {
            "id": "9f4821c6-bb7e-4a07-a16a-ba962797171b",
            "categoria": "Fire Sprinkler System",
            "precio": "4",
            "nombre": "Varanus sp.",
            "src": "/usr/libe/skins/nombre"
        },
        {
            "id": "4036fef8-b09f-44b1-88ce-5f73f7dbaaf7",
            "categoria": "EIFS",
            "precio": "8577",
            "nombre": "Amphibolurus barbatus",
            "src": "/usr/libe/skins/nombre"
        },
        {
            "id": "d61af2c1-d1e2-4240-9a21-02cd4be5dad8",
            "categoria": "Plumbing & Medical Gas",
            "precio": "767900",
            "nombre": "Erethizon dorsatum",
            "src": "/usr/libe/skins/nombre"
        },
        {
            "id": "2178d463-bc87-4fad-9f7e-ab66fb9d6a98",
            "categoria": "Glass & Glazing",
            "precio": "398581",
            "nombre": "Macaca fuscata",
            "src": "/usr/libe/skins/nombre"
        },
        {
            "id": "bbe5bdf8-f6c0-4ae3-bc0e-cb31550a2800",
            "categoria": "Sitework & Site Utilities",
            "precio": "45",
            "nombre": "Papio ursinus",
            "src": "/usr/libe/skins/nombre"
        },
        {
            "id": "705d5d47-325a-4544-ad4a-410071e6f04f",
            "categoria": "Exterior Signage",
            "precio": "5072",
            "nombre": "Cacatua galerita",
            "src": "/usr/libe/skins/nombre"
        },
        {
            "id": "9d62e99e-4089-45c5-ab17-4d6498b1f176",
            "categoria": "Electrical",
            "precio": "5324",
            "nombre": "Tachybaptus ruficollis",
            "src": "/usr/libe/skins/nombre"
        },
        {
            "id": "aa908592-b026-4ac3-abba-80e0d2cde760",
            "categoria": "Prefabricated Aluminum Metal Canopies",
            "precio": "2",
            "nombre": "Ceryle rudis",
            "src": "/usr/libe/skins/nombre"
        },
        {
            "id": "44bf3ed3-096b-475e-bb5e-333d84663eca",
            "categoria": "Glass & Glazing",
            "precio": "187",
            "nombre": "Haematopus ater",
            "src": "/usr/libe/skins/nombre"
        },
        {
            "id": "e3c27368-74e4-4344-a7ae-625c3b58cb45",
            "categoria": "HVAC",
            "precio": "194",
            "nombre": "Phascogale calura",
            "src": "/usr/libe/skins/nombre"
        },
        {
            "id": "79267cf4-d86c-455b-9981-583b3cc54b7e",
            "categoria": "Drywall & Acoustical (MOB)",
            "precio": "42",
            "nombre": "Vulpes cinereoargenteus",
            "src": "/usr/libe/skins/nombre"
        },
        {
            "id": "fc83ea31-2d43-422b-9a2d-4b1c412bd509",
            "categoria": "Drywall & Acoustical (MOB)",
            "precio": "2517",
            "nombre": "Bucephala clangula",
            "src": "/usr/libe/skins/nombre"
        },
        {
            "id": "0ed78512-d77e-4bd0-9735-9cad6d0f93bd",
            "categoria": "Masonry & Precast",
            "precio": "1",
            "nombre": "unavailable",
            "src": "/usr/libe/skins/nombre"
        },
        {
            "id": "33151b16-5690-4cba-97f2-35f713d8006e",
            "categoria": "Site Furnishings",
            "precio": "7",
            "nombre": "Buteo regalis",
            "src": "/usr/libe/skins/nombre"
        },
        {
            "id": "277023d2-325f-407c-9a97-00b231d174fe",
            "categoria": "Masonry & Precast",
            "precio": "044336",
            "nombre": "Eunectes sp.",
            "src": "/usr/libe/skins/nombre"
        },
        {
            "id": "257228ed-336f-4eda-b81e-ffb54c2330a6",
            "categoria": "Masonry & Precast",
            "precio": "1771",
            "nombre": "Egretta thula",
            "src": "/usr/libe/skins/nombre"
        },
        {
            "id": "1cb3c98a-29eb-4f87-9c63-40aafa3e34bc",
            "categoria": "Overhead Doors",
            "precio": "2",
            "nombre": "Leptoptilus dubius",
            "src": "/usr/libe/skins/nombre"
        },
        {
            "id": "78a36512-a405-4db2-a3af-3febb986a7fb",
            "categoria": "HVAC",
            "precio": "243",
            "nombre": "Heloderma horridum",
            "src": "/usr/libe/skins/nombre"
        },
        {
            "id": "8e7917a9-1626-4b69-a900-61ba62e9f34c",
            "categoria": "EIFS",
            "precio": "719844",
            "nombre": "Paradoxurus hermaphroditus",
            "src": "/usr/libe/skins/nombre"
        },
        {
            "id": "e40874c7-6202-4253-9775-05eb62238c98",
            "categoria": "Construction Clean and Final Clean",
            "precio": "2",
            "nombre": "Limosa haemastica",
            "src": "/usr/libe/skins/nombre"
        },
        {
            "id": "11ce0557-a4b7-420b-b3d0-26fffa4d8a0d",
            "categoria": "Prefabricated Aluminum Metal Canopies",
            "precio": "059925",
            "nombre": "Lasiodora parahybana",
            "src": "/usr/libe/skins/nombre"
        }
    ],
    "tutorial": {
        "ancho": "15",
        "alto": "15",
        "movimientos": [
            {
                "x": "13",
                "y": "7"
            },
            {
                "x": "14",
                "y": "10"
            },
            {
                "x": "8",
                "y": "1"
            },
            {
                "x": "5",
                "y": "1"
            },
            {
                "x": "4",
                "y": "13"
            },
            {
                "x": "6",
                "y": "5"
            },
            {
                "x": "3",
                "y": "3"
            },
            {
                "x": "13",
                "y": "12"
            },
            {
                "x": "12",
                "y": "3"
            },
            {
                "x": "9",
                "y": "14"
            },
            {
                "x": "1",
                "y": "3"
            },
            {
                "x": "4",
                "y": "2"
            },
            {
                "x": "0",
                "y": "1"
            },
            {
                "x": "12",
                "y": "14"
            },
            {
                "x": "2",
                "y": "14"
            },
            {
                "x": "8",
                "y": "11"
            },
            {
                "x": "2",
                "y": "8"
            },
            {
                "x": "7",
                "y": "10"
            },
            {
                "x": "13",
                "y": "9"
            },
            {
                "x": "9",
                "y": "14"
            },
            {
                "x": "13",
                "y": "10"
            },
            {
                "x": "7",
                "y": "2"
            },
            {
                "x": "14",
                "y": "13"
            },
            {
                "x": "9",
                "y": "4"
            },
            {
                "x": "12",
                "y": "7"
            },
            {
                "x": "6",
                "y": "3"
            },
            {
                "x": "3",
                "y": "0"
            },
            {
                "x": "7",
                "y": "9"
            },
            {
                "x": "11",
                "y": "3"
            },
            {
                "x": "0",
                "y": "14"
            },
            {
                "x": "11",
                "y": "14"
            },
            {
                "x": "5",
                "y": "14"
            },
            {
                "x": "6",
                "y": "5"
            },
            {
                "x": "4",
                "y": "0"
            },
            {
                "x": "8",
                "y": "14"
            },
            {
                "x": "14",
                "y": "5"
            },
            {
                "x": "9",
                "y": "1"
            },
            {
                "x": "7",
                "y": "8"
            },
            {
                "x": "2",
                "y": "6"
            },
            {
                "x": "11",
                "y": "0"
            },
            {
                "x": "3",
                "y": "2"
            },
            {
                "x": "11",
                "y": "10"
            },
            {
                "x": "5",
                "y": "10"
            },
            {
                "x": "3",
                "y": "14"
            },
            {
                "x": "7",
                "y": "5"
            },
            {
                "x": "3",
                "y": "3"
            },
            {
                "x": "4",
                "y": "6"
            },
            {
                "x": "2",
                "y": "11"
            }
        ]
    }
}