{
    "usuarios": [
        {
            "nick": "EDD",
            "password": "edd123",
            "monedas": "0",
            "edad": "50"
        },
        {
            "nick": "sdobble0",
            "password": "RrQk5kx",
            "monedas": "2311",
            "edad": "7"
        },
        {
            "nick": "shattersley1",
            "password": "WWS4Z7pD4g4v",
            "monedas": "273",
            "edad": "9"
        },
        {
            "nick": "dgatheridge2",
            "password": "Q8H0gy4Q",
            "monedas": "3",
            "edad": "3"
        },
        {
            "nick": "braggatt3",
            "password": "khgOuAZ",
            "monedas": "41",
            "edad": "30"
        },
        {
            "nick": "ramdohr4",
            "password": "lVJ9JKcWnK",
            "monedas": "9595",
            "edad": "80"
        },
        {
            "nick": "yhealks5",
            "password": "Lwt7PcZ5D6o",
            "monedas": "330",
            "edad": "7"
        },
        {
            "nick": "mparvin6",
            "password": "UOj7xyHhm",
            "monedas": "9",
            "edad": "60"
        },
        {
            "nick": "dsuckling7",
            "password": "ipvLuwHvRA",
            "monedas": "65",
            "edad": "1"
        },
        {
            "nick": "fdrayson8",
            "password": "JCg9Rq",
            "monedas": "52601",
            "edad": "8"
        },
        {
            "nick": "ssummerson9",
            "password": "2fBKS5tWP",
            "monedas": "0",
            "edad": "216"
        },
        {
            "nick": "ddowsinga",
            "password": "sh2fTH8i",
            "monedas": "263711",
            "edad": "0"
        },
        {
            "nick": "alearmouthb",
            "password": "uz4OKzvU4lP",
            "monedas": "2629",
            "edad": "4"
        },
        {
            "nick": "kwoodstockc",
            "password": "d3IpQQ",
            "monedas": "93962",
            "edad": "9"
        },
        {
            "nick": "hajeand",
            "password": "RpD6BuoSljw1",
            "monedas": "048",
            "edad": "08"
        },
        {
            "nick": "fmahere",
            "password": "362QTQ9cH9",
            "monedas": "7303",
            "edad": "905"
        },
        {
            "nick": "cmcturkf",
            "password": "HMgHyhEk",
            "monedas": "4",
            "edad": "414"
        },
        {
            "nick": "tommanneyg",
            "password": "c4FclZ",
            "monedas": "9",
            "edad": "96"
        },
        {
            "nick": "tmorratth",
            "password": "nyNhqnlODgP",
            "monedas": "9",
            "edad": "520"
        },
        {
            "nick": "ftummondi",
            "password": "JkqdreoMT",
            "monedas": "74558",
            "edad": "7"
        },
        {
            "nick": "mlewsiej",
            "password": "0mKSLip8Lgq",
            "monedas": "8530",
            "edad": "901"
        },
        {
            "nick": "dchestersk",
            "password": "10cGe8YICm",
            "monedas": "481",
            "edad": "7"
        },
        {
            "nick": "schickl",
            "password": "lqR7joMJgm",
            "monedas": "2299",
            "edad": "73"
        },
        {
            "nick": "hconeaum",
            "password": "FTi5L8e",
            "monedas": "6",
            "edad": "36"
        },
        {
            "nick": "jpayntonn",
            "password": "bdgGjUwK5lZu",
            "monedas": "015",
            "edad": "293"
        },
        {
            "nick": "fgellingo",
            "password": "B8CbO4ckzgNl",
            "monedas": "96081",
            "edad": "8"
        },
        {
            "nick": "bsamettp",
            "password": "WISkBdpzyyh5",
            "monedas": "7",
            "edad": "1"
        },
        {
            "nick": "mfleckneyq",
            "password": "RhWitjRBZ",
            "monedas": "3176",
            "edad": "623"
        },
        {
            "nick": "cpetrushankor",
            "password": "dcRVJ3BQ",
            "monedas": "43",
            "edad": "1"
        },
        {
            "nick": "qkrammers",
            "password": "J1eM0kbI",
            "monedas": "99551",
            "edad": "60"
        },
        {
            "nick": "ftriggelt",
            "password": "tcwR9mWXd7N",
            "monedas": "80",
            "edad": "65"
        },
        {
            "nick": "ualldisu",
            "password": "e0yRiy5c",
            "monedas": "39",
            "edad": "16"
        },
        {
            "nick": "kbaldassiv",
            "password": "v5LyCg",
            "monedas": "207209",
            "edad": "456"
        },
        {
            "nick": "pmussoliniw",
            "password": "3SBPjhGT",
            "monedas": "246",
            "edad": "08"
        },
        {
            "nick": "kblockeyx",
            "password": "z2517k",
            "monedas": "9",
            "edad": "74"
        },
        {
            "nick": "gtilzeyy",
            "password": "Qvlv5K",
            "monedas": "08",
            "edad": "3"
        },
        {
            "nick": "dbushellz",
            "password": "MT9YuUj89zW5",
            "monedas": "781217",
            "edad": "058"
        },
        {
            "nick": "cgoudman10",
            "password": "P4MqRU3y9",
            "monedas": "071",
            "edad": "650"
        },
        {
            "nick": "wdrinkhill11",
            "password": "hGyAQTFAVWwV",
            "monedas": "6",
            "edad": "07"
        },
        {
            "nick": "gmazin12",
            "password": "uouptSI",
            "monedas": "38418",
            "edad": "1"
        },
        {
            "nick": "mhertwell13",
            "password": "Rplp0Wel9QZ",
            "monedas": "405",
            "edad": "31"
        },
        {
            "nick": "fcarik14",
            "password": "SYtKDeGg8z",
            "monedas": "6",
            "edad": "4"
        },
        {
            "nick": "ndroogan15",
            "password": "is7Y2oJ",
            "monedas": "702",
            "edad": "388"
        },
        {
            "nick": "jglanvill16",
            "password": "tApjbv8PgT",
            "monedas": "3",
            "edad": "697"
        },
        {
            "nick": "hblaby17",
            "password": "wHNadUJo9ax",
            "monedas": "41",
            "edad": "465"
        },
        {
            "nick": "laloshkin18",
            "password": "9u2xi2wG",
            "monedas": "7",
            "edad": "10"
        },
        {
            "nick": "ascorer19",
            "password": "pfx4YaMaSzH",
            "monedas": "49033",
            "edad": "6"
        },
        {
            "nick": "cmullally1a",
            "password": "CFhePmq",
            "monedas": "1607",
            "edad": "2"
        },
        {
            "nick": "btoward1b",
            "password": "niWSI1AuN8xk",
            "monedas": "596294",
            "edad": "0"
        },
        {
            "nick": "gmintoff1c",
            "password": "2kNTpPV9KO4",
            "monedas": "09",
            "edad": "14"
        },
        {
            "nick": "aarmytage1d",
            "password": "j2LZihIeg",
            "monedas": "477132",
            "edad": "600"
        },
        {
            "nick": "kboick1e",
            "password": "2vqcJFs",
            "monedas": "317",
            "edad": "60"
        },
        {
            "nick": "ayakuntzov1f",
            "password": "7sokUf9Uu9KC",
            "monedas": "77",
            "edad": "2"
        },
        {
            "nick": "kneasham1g",
            "password": "jgqGtcElYVH",
            "monedas": "2002",
            "edad": "09"
        },
        {
            "nick": "rscotchmoor1h",
            "password": "FbMHgOgUOWYW",
            "monedas": "875739",
            "edad": "7"
        },
        {
            "nick": "zyankin1i",
            "password": "Aa4HcUxkP0",
            "monedas": "407",
            "edad": "720"
        },
        {
            "nick": "svennart1j",
            "password": "fSOoRC0b3t0",
            "monedas": "36067",
            "edad": "2"
        },
        {
            "nick": "ccanedo1k",
            "password": "wv9xfXRe",
            "monedas": "8",
            "edad": "432"
        },
        {
            "nick": "awalbridge1l",
            "password": "3kWn5Bk",
            "monedas": "9901",
            "edad": "715"
        },
        {
            "nick": "ssheridan1m",
            "password": "eOxRoPg5C",
            "monedas": "74266",
            "edad": "3"
        },
        {
            "nick": "mmacnab1n",
            "password": "zXUrKVaClNQ",
            "monedas": "213319",
            "edad": "03"
        },
        {
            "nick": "mreskelly1o",
            "password": "MZWUSXjM",
            "monedas": "695",
            "edad": "505"
        },
        {
            "nick": "zbromfield1p",
            "password": "4ImIHK",
            "monedas": "3659",
            "edad": "75"
        },
        {
            "nick": "borring1q",
            "password": "xfBXw9Jm",
            "monedas": "66034",
            "edad": "169"
        },
        {
            "nick": "pjozwik1r",
            "password": "8jdXDc",
            "monedas": "327521",
            "edad": "42"
        },
        {
            "nick": "bscotter1s",
            "password": "klSLkw60FAY",
            "monedas": "9589",
            "edad": "6"
        },
        {
            "nick": "jmeriot1t",
            "password": "dF3iYawsJjF",
            "monedas": "71",
            "edad": "83"
        },
        {
            "nick": "bjanning1u",
            "password": "INGX2g",
            "monedas": "4891",
            "edad": "1"
        },
        {
            "nick": "arimour1v",
            "password": "SIzopuzQU",
            "monedas": "097240",
            "edad": "735"
        },
        {
            "nick": "ltwinbrow1w",
            "password": "4NKnyMcd5JE",
            "monedas": "28704",
            "edad": "5"
        },
        {
            "nick": "pstangroom1x",
            "password": "8XbPbqabl6y",
            "monedas": "4573",
            "edad": "739"
        },
        {
            "nick": "rkoppens1y",
            "password": "O8dT5OPbJw6",
            "monedas": "5594",
            "edad": "41"
        },
        {
            "nick": "ddagless1z",
            "password": "7ZuuFU",
            "monedas": "7",
            "edad": "22"
        },
        {
            "nick": "afazzioli20",
            "password": "0O1ospjn",
            "monedas": "9318",
            "edad": "97"
        },
        {
            "nick": "mscammell21",
            "password": "pFohVXTlQ",
            "monedas": "01",
            "edad": "8"
        },
        {
            "nick": "ppolk22",
            "password": "vs8Q84hVO",
            "monedas": "133",
            "edad": "3"
        },
        {
            "nick": "yehlerding23",
            "password": "MMNaui61IgNc",
            "monedas": "526592",
            "edad": "59"
        },
        {
            "nick": "mbeekmann24",
            "password": "iGvpFs",
            "monedas": "861142",
            "edad": "3"
        },
        {
            "nick": "rfrome25",
            "password": "RIIo91v",
            "monedas": "64669",
            "edad": "102"
        },
        {
            "nick": "pyoungman26",
            "password": "Y5im0DgtLdb",
            "monedas": "8",
            "edad": "67"
        },
        {
            "nick": "bbreakey27",
            "password": "EqWP593v",
            "monedas": "60404",
            "edad": "88"
        },
        {
            "nick": "sgamett28",
            "password": "BKDO6H",
            "monedas": "9",
            "edad": "231"
        },
        {
            "nick": "jchilds29",
            "password": "LZNKvCF",
            "monedas": "26",
            "edad": "5"
        },
        {
            "nick": "opinney2a",
            "password": "kdJK03EdlGfZ",
            "monedas": "208101",
            "edad": "1"
        },
        {
            "nick": "dbeefon2b",
            "password": "fnavs6",
            "monedas": "9803",
            "edad": "00"
        },
        {
            "nick": "kstachini2c",
            "password": "a48vU26f",
            "monedas": "606257",
            "edad": "99"
        },
        {
            "nick": "aminnette2d",
            "password": "riNBOLXXT",
            "monedas": "438",
            "edad": "70"
        },
        {
            "nick": "smyford2e",
            "password": "QD5TEd8pW9fM",
            "monedas": "029",
            "edad": "11"
        },
        {
            "nick": "lelphick2f",
            "password": "qv42thBK",
            "monedas": "87",
            "edad": "5"
        },
        {
            "nick": "sralphs2g",
            "password": "oQf9N4joee",
            "monedas": "690",
            "edad": "138"
        },
        {
            "nick": "abenit2h",
            "password": "O5MMmhAtr",
            "monedas": "034787",
            "edad": "505"
        },
        {
            "nick": "hjellard2i",
            "password": "0COTZdi4q",
            "monedas": "2",
            "edad": "7"
        },
        {
            "nick": "rdownton2j",
            "password": "uTSg5JQPe2bQ",
            "monedas": "4",
            "edad": "6"
        },
        {
            "nick": "gmintoff2k",
            "password": "ElD7pIEk",
            "monedas": "5843",
            "edad": "24"
        },
        {
            "nick": "ltowle2l",
            "password": "gzoO9MWoUH",
            "monedas": "306",
            "edad": "187"
        },
        {
            "nick": "kbrowning2m",
            "password": "8CerKw7xzgGh",
            "monedas": "056",
            "edad": "16"
        },
        {
            "nick": "bthomen2n",
            "password": "5lwPN6gI",
            "monedas": "1",
            "edad": "7"
        },
        {
            "nick": "tdangerfield2o",
            "password": "7vGAS6g",
            "monedas": "6841",
            "edad": "73"
        },
        {
            "nick": "rcrippin2p",
            "password": "OUoIlyrFs",
            "monedas": "87057",
            "edad": "494"
        },
        {
            "nick": "zlook2q",
            "password": "rQWCs00D6",
            "monedas": "738492",
            "edad": "2"
        },
        {
            "nick": "hparlett2r",
            "password": "kCNPAGjJHXL8",
            "monedas": "69",
            "edad": "8"
        }
    ]
}