{
    "index": "0",
    "timestamp": "25-10-2022::17:04:38",
    "nonce": "29502",
    "data": {
        "FROM": "0xb02275af4cED829E5e896A6093Bcb0558cCF04e7",
        "SKINS": {
            "FROM": "_",
            "data": [
                {
                    "SKIN": "Mccarthy",
                    "VALUE": 36
                },
                {
                    "SKIN": "Orr",
                    "VALUE": 32
                }
            ]
        }
    },
    "hash": "0000b4a9a4d664651f9e13a87c616ac7d07fe759296b53f1da70e8811077f38f",
    "previoushash": "0000",
    "merkle_root": "75538c69849f0ab0bcc1f0bb8213c72b38ef7ca323489960f0c6dd0c2e0160d7"
}