{
    "index": "0",
    "timestamp": "25-10-2022::13:57:21",
    "nonce": "1507905",
    "data": {
        "FROM": "0xa570cce805fc11D1a11760e5B8cf2d003e3F759b",
        "SKINS": {
            "FROM": "0xa570cce805fc11D1a11760e5B8cf2d003e3F759b",
            "data": [
                {
                    "SKIN": "Mccarthy",
                    "VALUE": 36
                },
                {
                    "SKIN": "Orr",
                    "VALUE": 32
                },
                {
                    "SKIN": "Oneil",
                    "VALUE": 36
                },
                {
                    "SKIN": "Walls",
                    "VALUE": 33
                }
            ]
        }
    },
    "hash": "000006e58eb86e9d99233141a230e044b9eb9679106fc95bae516c5cf24b0279",
    "previoushash": "0000",
    "merkle_root": "b51d90c155c6206b47318d5c6172360196fcbe479ca7f2e56e43ffac9b357ca5"
}