{
    "index": "0",
    "timestamp": "25-10-2022::14:58:30",
    "nonce": "6849",
    "data": {
        "FROM": "0x2C86884FcB9a8Ed94Be350f7995c9D15c8CD3De2",
        "SKINS": {
            "FROM": "_",
            "data": [
                {
                    "SKIN": "Mccarthy",
                    "VALUE": 36
                },
                {
                    "SKIN": "Orr",
                    "VALUE": 32
                }
            ]
        }
    },
    "hash": "000058b083ce670b087968f99ab6a820002a12f549986b4334d801c039f8c8fd",
    "previoushash": "0000",
    "merkle_root": "75538c69849f0ab0bcc1f0bb8213c72b38ef7ca323489960f0c6dd0c2e0160d7"
}