{
    "index": "0",
    "timestamp": "25-10-2022::19:11:00",
    "nonce": "107548",
    "data": {
        "FROM": "0xB5717d193AFc1c7206d043D84BbA3B11CB3B3344",
        "SKINS": {
            "FROM": "0xB5717d193AFc1c7206d043D84BbA3B11CB3B3344",
            "data": [
                {
                    "SKIN": "Goodwin",
                    "VALUE": 33
                },
                {
                    "SKIN": "Fox",
                    "VALUE": 35
                },
                {
                    "SKIN": "Bird",
                    "VALUE": 31
                }
            ]
        }
    },
    "hash": "000002dee7b7e013bf6a39253a14ecdc13c8cd4a60978eb125dd72ba087debba",
    "previoushash": "0000",
    "merkle_root": "b6748e73fdbff1bd79dda6d614a41720a09f2d85aa8d0d9352b03cc0d7726e81"
}