{
    "index": "0",
    "timestamp": "25-10-2022::14:10:48",
    "nonce": "59734",
    "data": {
        "FROM": "0xa570cce805fc11D1a11760e5B8cf2d003e3F759b",
        "SKINS": {
            "FROM": "0xa570cce805fc11D1a11760e5B8cf2d003e3F759b",
            "data": [
                {
                    "SKIN": "Mccarthy",
                    "VALUE": 36
                },
                {
                    "SKIN": "Orr",
                    "VALUE": 32
                },
                {
                    "SKIN": "Oneil",
                    "VALUE": 36
                },
                {
                    "SKIN": "Walls",
                    "VALUE": 33
                }
            ]
        }
    },
    "hash": "0000c234417c2dedc1bd3a43525cd6df089cead531516439d44a69ccb2356dba",
    "previoushash": "0000",
    "merkle_root": "b51d90c155c6206b47318d5c6172360196fcbe479ca7f2e56e43ffac9b357ca5"
}