{
    "index": "0",
    "timestamp": "25-10-2022::18:55:42",
    "nonce": "78930",
    "data": {
        "FROM": "0x277ac617220e4e5c4448bb2e07a6c6A4E4B5D737",
        "SKINS": {
            "FROM": "_",
            "data": [
                {
                    "SKIN": "Mccarthy",
                    "VALUE": 36
                },
                {
                    "SKIN": "Orr",
                    "VALUE": 32
                },
                {
                    "SKIN": "Oneil",
                    "VALUE": 36
                },
                {
                    "SKIN": "Walls",
                    "VALUE": 33
                }
            ]
        }
    },
    "hash": "0000affd34207f93b188dbd2bc8f4bdb099d6d633d6cee00888b6e0f41f82b08",
    "previoushash": "0000",
    "merkle_root": "b51d90c155c6206b47318d5c6172360196fcbe479ca7f2e56e43ffac9b357ca5"
}