{
    "index": "0",
    "timestamp": "25-10-2022::19:08:32",
    "nonce": "6919",
    "data": {
        "FROM": "0xB5717d193AFc1c7206d043D84BbA3B11CB3B3344",
        "SKINS": {
            "FROM": "_",
            "data": [
                {
                    "SKIN": "Mccarthy",
                    "VALUE": 36
                },
                {
                    "SKIN": "Orr",
                    "VALUE": 32
                },
                {
                    "SKIN": "Walls",
                    "VALUE": 33
                },
                {
                    "SKIN": "Oneil",
                    "VALUE": 36
                }
            ]
        }
    },
    "hash": "00003d8d8201e4eeb41c3ba910e46aab6a0c16e30b2a40ca1b30b9e92b0939d2",
    "previoushash": "0000",
    "merkle_root": "55693f09ffa9ce3218428c257d8d4a3726de106208e5754894580c44eb7391d6"
}