{
    "index": "0",
    "timestamp": "25-10-2022::19:02:52",
    "nonce": "80423",
    "data": {
        "FROM": "0xDEBF7fB14eF20a4f423B2cAAE3cC5E67f9C248f8",
        "SKINS": {
            "FROM": "_",
            "data": [
                {
                    "SKIN": "Mccarthy",
                    "VALUE": 36
                },
                {
                    "SKIN": "Orr",
                    "VALUE": 32
                },
                {
                    "SKIN": "Oneil",
                    "VALUE": 36
                },
                {
                    "SKIN": "Walls",
                    "VALUE": 33
                }
            ]
        }
    },
    "hash": "000040559c3e0c292e87092ae2005ae54825b9ddc9fbde0e17af2fb34f7f6680",
    "previoushash": "0000",
    "merkle_root": "b51d90c155c6206b47318d5c6172360196fcbe479ca7f2e56e43ffac9b357ca5"
}